6001,"Liam","Smith","Technician","lsmith@company.com",101
6002,"Olivia","Johnson","Technician","ojohnson@company.com",102
6003,"Noah","Williams","Pilot","nwilliams@company.com",103
6004,"Emma","Brown","Logistics","ebrown@company.com",104
6005,"Oliver","Jones","Technician","ojones@company.com",105
6006,"Charlotte","Garcia","Pilot","cgarcia@company.com",106
6007,"James","Miller","Warehouse Staff","jmiller@company.com",107
6008,"Amelia","Davis","Logistics","adavis@company.com",108
6009,"Benjamin","Rodriguez","Technician","brodriguez@company.com",109
6010,"Mia","Martinez","Pilot","mmartinez@company.com",110
6011,"Lucas","Hernandez","Technician","lhernandez@company.com",111
6012,"Sophia","Lopez","Logistics","slopez@company.com",112
6013,"Henry","Gonzalez","Pilot","hgonzalez@company.com",113
6014,"Isabella","Wilson","Logistics","iwilson@company.com",114
6015,"Alexander","Anderson","Technician","aanderson@company.com",115
6016,"Ava","Thomas","Pilot","athomas@company.com",116
6017,"William","Taylor","Drone Operator","wtaylor@company.com",117
6018,"Evelyn","Moore","Logistics","emoore@company.com",118
6019,"Ethan","Jackson","Technician","ejackson@company.com",119
6020,"Harper","Martin","Pilot","hmartin@company.com",120
6021,"Michael","Lee","Technician","mlee@company.com",121
6022,"Abigail","Perez","Warehouse Staff","aperez@company.com",122
6023,"Daniel","Thompson","Pilot","dthompson@company.com",123
6024,"Emily","White","Logistics","ewhite@company.com",124
6025,"Matthew","Harris","Technician","mharris@company.com",125
6026,"Elizabeth","Sanchez","Pilot","esanchez@company.com",126
6027,"Jacob","Clark","Technician","jclark@company.com",127
6028,"Mila","Ramirez","Logistics","mramirez@company.com",128
6029,"Logan","Lewis","Technician","llewis@company.com",129
6030,"Ella","Robinson","Pilot","erobinson@company.com",130
6031,"Jackson","Walker","Technician","jwalker@company.com",131
6032,"Scarlett","Young","Pilot","syoung@company.com",132
6033,"David","Allen","Pilot","dallen@company.com",133
6034,"Victoria","King","Logistics","vking@company.com",134
6035,"Joseph","Wright","Technician","jwright@company.com",135
6036,"Grace","Scott","Pilot","gscott@company.com",136
6037,"Samuel","Green","Logistics","sgreen@company.com",137
6038,"Sofia","Adams","Logistics","sadams@company.com",138
6039,"John","Baker","Technician","jbaker@company.com",139
6040,"Zoey","Nelson","Pilot","znelson@company.com",140
6041,"John","Pork","Pilot","jpork@company.com",128
6042,"Ronald","McDonald","Warehouse Staff","rmcdonald@company.com",125
6043,"Peter","Griffin","Warehouse Staff","pgriffin@company.com",122
6044,"Leonardo","Davinki","Technician","ldavinki@company.com",120
6045,"Mario","Wilson","Logistics","mwilson@company.com",121
6046,"Jenny","Brown","Custodian","jbrown@company.com",101
6047,"Michael","Smith","Technician","msmith@company.com",131
6048,"Marc","Jones","Pilot","mjones@company.com",102
6049,"Mark","Marcus","Logistics","mmarcus@company.com",103
6050,"Jill","Miles","Pilot","jmiles@company.com",105
6D+00:00:10.8715786051,"Lester","Chungus","Technician","lchungus@company.com",104
6052,"Taylor","Swift","Custodian","tswift@company.com",130
6053,"Manuel","Jimenez","Technician","mjimenez@company.com",106
6054,"Henrietta","Harrison","Warehouse Staff","hharrison@company.com",107
6055,"Milly","Sanders","Warehouse Staff","msanders@company.com",129
6056,"David","Ortiz","Logistics","dortiz@company.com",127
6057,"Marshal","Mathers","Pilot","mmathers@company.com",125
6058,"Benjamin","Franklin","Warehouse Staff","bfranklin@company.com",123
6059,"Michael","DeSanta","Logistics","mdesanta@company.com",119
6060,"Trevor","Philips","Custodian","tphilips@company.com",135
6061,"Franklin","Clinton","Pilot","fclinton@company.com",114
6062,"Lamar","Davis","Warehouse Staff","ldavis@company.com",113
6063,"Richard","Demarco","Warehouse Staff","rdemarco@company.com",111
6064,"Isaac","Clarke","Technician","iclarke@company.com",110
6065,"Gordon","Freeman","Pilot","gfreeman@company.com",124
6066,"Sam","Fisher","Logistics","sfisher@company.com",122
6067,"Peter","Parker","Warehouse Staff","pparker@company.com",137
6068,"Jack","Harper","Technician","jharper@company.com",140
6069,"Arthur","Morgan","Pilot","amorgan@company.com",139
6070,"John","Marston","Custodian","jmarston@company.com",132
6071,"Chris","Redfield","Pilot","credfield@company.com",101
6072,"Leon","Kennedy","Technician","lkennedy@company.com",101
6073,"Joel","Willer","Logistics","jwiller@company.com",121
6074,"Sarah","Connor","Warehouse Staff","sconnor@company.com",127
6075,"John","Connor","Warehouse Staff","jconnor@company.com",113
6076,"Jill","Valentine","Technician","jvalentine@company.com",114
6077,"Lara","Croft","Pilot","lcroft@company.com",105
6078,"Dylan","Dominguez","Custodian","ddominguez@company.com",104
6079,"Miranda","Lawson","Technician","mlawson@company.com",106
6080,"Max","Maximus","Logistics","mmaximus@company.com",132
6081,"Barry","Allen","Logistics","ballen@company.com",101
6082,"John","Wick","Technician","jwick@company.com",102
6083,"Bruce","Wayne","Custodian","bwayne@company.com",103
6084,"Winston","Scott","Pilot","wscott@company.com",104
6085,"Miles","Morales","Pilot","mmorales@company.com",105
6086,"Andrew","Carter","Custodian","acarter@company.com",106
6087,"Ryan","Mitchell","Warehouse Staff","rmitchell@company.com",107
6088,"Justin","Ramirez","Logistics","jramirez@company.com",108
6089,"Christian","Rivera","Logistics","crivera@company.com",109
6090,"Brandon","Hayes","Technician","bhayes@company.com",110
6091,"Jimmy","Bennett","Warehouse Staff","jbennett@company.com",111
6092,"Natalie","Cooper","Warehouse Staff","ncooper@company.com",112
6093,"Ruby","Turner","Pilot","rturner@company.com",113
6094,"Avery","Stewart","Pilot","astewart@company.com",114
6095,"Chloe","Simmons","Pilot","csimmons@company.com",115
6096,"Brianna","Flores","Warehouse Staff","bflores@company.com",116
6097,"Jordan","Wheeler","Technician","jwheeler@company.com",117
6098,"Derek","Jeter","Technician","djeter@company.com",118
6099,"Travis","Scott","Warehouse Staff","tscott@company.com",119
6100,"Oscar","Chavez","Pilot","ochavez@company.com",120
6101,"Stephen","Vaughn","Custodian","svaughn@company.com",121
6102,"Ethan","Price","Custodian","eprice@company.com",122
6103,"Phillip","Warren","Logistics","pwarren@company.com",123
6104,"Lucas","Chapman","Logistics","lchapman@company.com",124
6105,"Julian","Beaker","Warehouse Staff","jbeaker@company.com",125
6106,"Seth","Douglas","Technician","sdouglas@company.com",126
6107,"Aaron","Bishop","Technician","abishop@company.com",127
6108,"Colin","Colson","Pilot","ccolson@company.com",128
6109,"Tyler","Brockton","Pilot","tbrockton@company.com",129
6110,"Stevie","Stevenson","Pilot","sstevenson@company.com",130
6111,"Madison","Green","Warehouse Staff","mgreen@company.com",131
6112,"Riley","Sanders","Technician","rsanders@company.com",132
6113,"Teresa","Wilson","Logistics","twilson@company.com",133
6114,"Alex","Mergan","Custodian","amergan@company.com",134
6115,"Jorge","Castillo","Custodian","jcastillo@company.com",135
6116,"Victor","Delgado","Logistics","vdelgado@company.com",136
6117,"Juan","Carlos","Technician","jcarlos@company.com",137
6118,"Fernanda","Ponce","Warehouse Staff","fponce@company.com",138
6119,"Adriana","Vargas","Pilot","avargas@company.com",139
6120,"Miguel","Arroyo","Pilot","marroyo@company.com",140
6121,"Roberto","Alvarez","Pilot","ralvarez@company.com",101